"zzzzz40,4"
"zzzzz21,2"
"zzzzz32,3"
"zzzzz23,2"
"zzzzz44,4"
"zzzzz35,3"
"zzzzz46,4"
"zzzzz27,2"
"zzzzz48,4"
"zzzzz39,3"
"zzzzz310,3"
"zzzzz111,1"
"zzzzz312,3"
"zzzzz413,4"
"zzzzz214,2"
"zzzzz415,4"
"zzzzz316,3"
"zzzzz517,5"
"zzzzz218,2"
"zzzzz319,3"
"zzzzz220,2"
"zzzzz421,4"
"zzzzz222,2"
"zzzzz223,2"
"zzzzz224,2"
"zzzzz425,4"
"zzzzz226,2"
"zzzzz327,3"
"zzzzz428,4"
"zzzzz229,2"
"zzzzz230,2"
"zzzzz431,4"
"zzzzz432,4"
"zzzzz433,4"
"zzzzz534,5"
"zzzzz335,3"
"zzzzz336,3"
"zzzzz337,3"
"zzzzz438,4"
"zzzzz239,2"
"zzzzz540,5"
"zzzzz341,3"
"zzzzz442,4"
"zzzzz243,2"
"zzzzz244,2"
"zzzzz445,4"
"zzzzz446,4"
"zzzzz447,4"
"zzzzz448,4"
"zzzzz449,4"
"zzzzz450,4"
"zzzzz451,4"
"zzzzz252,2"
"zzzzz253,2"
"zzzzz454,4"
"zzzzz455,4"
"zzzzz356,3"
"zzzzz257,2"
"zzzzz458,4"
"zzzzz359,3"
"zzzzz460,4"
"zzzzz461,4"
"zzzzz462,4"
"zzzzz363,3"
"zzzzz464,4"
"zzzzz465,4"
"zzzzz166,1"
"zzzzz467,4"
"zzzzz268,2"
"zzzzz269,2"
"zzzzz470,4"
"zzzzz471,4"
"zzzzz372,3"
"zzzzz373,3"
"zzzzz174,1"
"zzzzz475,4"
"zzzzz376,3"
"zzzzz477,4"
"zzzzz478,4"
"zzzzz379,3"
"zzzzz480,4"
"zzzzz481,4"
"zzzzz282,2"
"zzzzz483,4"
"zzzzz484,4"
"zzzzz285,2"
"zzzzz486,4"
"zzzzz487,4"
"zzzzz488,4"
"zzzzz489,4"
"zzzzz490,4"
"zzzzz391,3"
"zzzzz392,3"
"zzzzz493,4"
"zzzzz494,4"
"zzzzz395,3"
"zzzzz296,2"
"zzzzz397,3"
"zzzzz298,2"
"zzzzz499,4"
"zzzzz3100,3"
"zzzzz3101,3"
"zzzzz2102,2"
"zzzzz2103,2"
"zzzzz3104,3"
"zzzzz4105,4"
"zzzzz2106,2"
"zzzzz3107,3"
"zzzzz2108,2"
"zzzzz4109,4"
"zzzzz2110,2"
"zzzzz4111,4"
"zzzzz4112,4"
"zzzzz3113,3"
"zzzzz4114,4"
"zzzzz4115,4"
"zzzzz2116,2"
"zzzzz1117,1"
"zzzzz3118,3"
"zzzzz2119,2"
"zzzzz3120,3"
"zzzzz4121,4"
"zzzzz4122,4"
"zzzzz4123,4"
"zzzzz3124,3"
"zzzzz3125,3"
"zzzzz3126,3"
"zzzzz4127,4"
"zzzzz4128,4"
"zzzzz3129,3"
"zzzzz4130,4"
"zzzzz1131,1"
"zzzzz4132,4"
"zzzzz3133,3"
"zzzzz4134,4"
"zzzzz4135,4"
"zzzzz4136,4"
"zzzzz3137,3"
"zzzzz3138,3"
"zzzzz4139,4"
"zzzzz5140,5"
"zzzzz4141,4"
"zzzzz4142,4"
"zzzzz2143,2"
"zzzzz4144,4"
"zzzzz3145,3"
"zzzzz4146,4"
"zzzzz3147,3"
"zzzzz3148,3"
"zzzzz3149,3"
"zzzzz3150,3"
"zzzzz3151,3"
"zzzzz5152,5"
"zzzzz4153,4"
"zzzzz4154,4"
"zzzzz3155,3"
"zzzzz2156,2"
"zzzzz4157,4"
"zzzzz3158,3"
"zzzzz1159,1"
"zzzzz4160,4"
"zzzzz3161,3"
"zzzzz4162,4"
"zzzzz3163,3"
"zzzzz2164,2"
"zzzzz3165,3"
"zzzzz1166,1"
"zzzzz3167,3"
"zzzzz4168,4"
"zzzzz4169,4"
"zzzzz4170,4"
"zzzzz2171,2"
"zzzzz3172,3"
"zzzzz4173,4"
"zzzzz3174,3"
"zzzzz3175,3"
"zzzzz3176,3"
"zzzzz3177,3"
"zzzzz4178,4"
"zzzzz4179,4"
"zzzzz4180,4"
"zzzzz4181,4"
"zzzzz4182,4"
"zzzzz3183,3"
"zzzzz5184,5"
"zzzzz4185,4"
"zzzzz2186,2"
"zzzzz3187,3"
"zzzzz4188,4"
"zzzzz4189,4"
"zzzzz4190,4"
"zzzzz4191,4"
"zzzzz4192,4"
"zzzzz4193,4"
"zzzzz2194,2"
"zzzzz5195,5"
"zzzzz3196,3"
"zzzzz4197,4"
"zzzzz3198,3"
"zzzzz3199,3"
"zzzzz4200,4"
"zzzzz4201,4"
"zzzzz2202,2"
"zzzzz4203,4"
"zzzzz4204,4"
"zzzzz2205,2"
"zzzzz3206,3"
"zzzzz3207,3"
"zzzzz2208,2"
"zzzzz4209,4"
"zzzzz3210,3"
"zzzzz3211,3"
"zzzzz2212,2"
"zzzzz3213,3"
"zzzzz3214,3"
"zzzzz4215,4"
"zzzzz2216,2"
"zzzzz2217,2"
"zzzzz3218,3"
"zzzzz3219,3"
"zzzzz1220,1"
"zzzzz4221,4"
"zzzzz3222,3"
"zzzzz2223,2"
"zzzzz3224,3"
"zzzzz3225,3"
"zzzzz3226,3"
"zzzzz3227,3"
"zzzzz4228,4"
"zzzzz4229,4"
"zzzzz3230,3"
"zzzzz5231,5"
"zzzzz4232,4"
"zzzzz3233,3"
"zzzzz1234,1"
"zzzzz3235,3"
"zzzzz2236,2"
"zzzzz2237,2"
"zzzzz4238,4"
"zzzzz2239,2"
"zzzzz3240,3"
"zzzzz3241,3"
"zzzzz3242,3"
"zzzzz4243,4"
"zzzzz3244,3"
"zzzzz2245,2"
"zzzzz2246,2"
"zzzzz4247,4"
"zzzzz3248,3"
"zzzzz4249,4"
"zzzzz3250,3"
"zzzzz3251,3"
"zzzzz4252,4"
"zzzzz4253,4"
"zzzzz3254,3"
"zzzzz3255,3"
"zzzzz3256,3"
"zzzzz5257,5"
"zzzzz1258,1"
"zzzzz4259,4"
"zzzzz4260,4"
"zzzzz4261,4"
"zzzzz4262,4"
"zzzzz3263,3"
"zzzzz3264,3"
"zzzzz3265,3"
"zzzzz3266,3"
"zzzzz1267,1"
"zzzzz5268,5"
"zzzzz4269,4"
"zzzzz3270,3"
"zzzzz2271,2"
"zzzzz1272,1"
"zzzzz4273,4"
"zzzzz4274,4"
"zzzzz4275,4"
"zzzzz3276,3"
"zzzzz3277,3"
"zzzzz3278,3"
"zzzzz2279,2"
"zzzzz4280,4"
"zzzzz2281,2"
"zzzzz3282,3"
"zzzzz4283,4"
"zzzzz3284,3"
"zzzzz4285,4"
"zzzzz3286,3"
"zzzzz4287,4"
"zzzzz3288,3"
"zzzzz4289,4"
"zzzzz3290,3"
"zzzzz4291,4"
"zzzzz2292,2"
"zzzzz2293,2"
"zzzzz4294,4"
"zzzzz3295,3"
"zzzzz2296,2"
"zzzzz2297,2"
"zzzzz3298,3"
"zzzzz3299,3"
"zzzzz3300,3"
"zzzzz3301,3"
"zzzzz3302,3"
"zzzzz3303,3"
"zzzzz2304,2"
"zzzzz4305,4"
"zzzzz4306,4"
"zzzzz4307,4"
"zzzzz3308,3"
"zzzzz2309,2"
"zzzzz2310,2"
"zzzzz4311,4"
"zzzzz4312,4"
"zzzzz4313,4"
"zzzzz4314,4"
"zzzzz4315,4"
"zzzzz4316,4"
"zzzzz5317,5"
"zzzzz4318,4"
"zzzzz2319,2"
"zzzzz3320,3"
"zzzzz3321,3"
"zzzzz4322,4"
"zzzzz3323,3"
"zzzzz4324,4"
"zzzzz2325,2"
"zzzzz3326,3"
"zzzzz5327,5"
"zzzzz5328,5"
"zzzzz4329,4"
"zzzzz3330,3"
"zzzzz3331,3"
"zzzzz4332,4"
"zzzzz3333,3"
"zzzzz3334,3"
"zzzzz4335,4"
"zzzzz4336,4"
"zzzzz3337,3"
"zzzzz3338,3"
"zzzzz3339,3"
"zzzzz4340,4"
"zzzzz4341,4"
"zzzzz4342,4"
"zzzzz3343,3"
"zzzzz4344,4"
"zzzzz3345,3"
"zzzzz2346,2"
"zzzzz4347,4"
"zzzzz2348,2"
"zzzzz3349,3"
"zzzzz2350,2"
"zzzzz3351,3"
"zzzzz2352,2"
"zzzzz3353,3"
"zzzzz2354,2"
"zzzzz4355,4"
"zzzzz4356,4"
"zzzzz4357,4"
"zzzzz4358,4"
"zzzzz4359,4"
"zzzzz3360,3"
"zzzzz4361,4"
"zzzzz4362,4"
"zzzzz4363,4"
"zzzzz4364,4"
"zzzzz4365,4"
"zzzzz4366,4"
"zzzzz3367,3"
"zzzzz3368,3"
"zzzzz1369,1"
"zzzzz4370,4"
"zzzzz4371,4"
"zzzzz3372,3"
"zzzzz4373,4"
"zzzzz2374,2"
"zzzzz3375,3"
"zzzzz3376,3"
"zzzzz3377,3"
"zzzzz4378,4"
"zzzzz3379,3"
"zzzzz2380,2"
"zzzzz2381,2"
"zzzzz4382,4"
"zzzzz4383,4"
"zzzzz4384,4"
"zzzzz2385,2"
"zzzzz5386,5"
"zzzzz3387,3"
"zzzzz1388,1"
"zzzzz2389,2"
"zzzzz4390,4"
"zzzzz3391,3"
"zzzzz4392,4"
"zzzzz4393,4"
"zzzzz4394,4"
"zzzzz4395,4"
"zzzzz3396,3"
"zzzzz3397,3"
"zzzzz4398,4"
"zzzzz4399,4"
"zzzzz3400,3"
"zzzzz1401,1"
"zzzzz4402,4"
"zzzzz3403,3"
"zzzzz1404,1"
"zzzzz4405,4"
"zzzzz4406,4"
"zzzzz4407,4"
"zzzzz3408,3"
"zzzzz4409,4"
"zzzzz4410,4"
"zzzzz3411,3"
"zzzzz1412,1"
"zzzzz3413,3"
"zzzzz2414,2"
"zzzzz4415,4"
"zzzzz3416,3"
"zzzzz3417,3"
"zzzzz4418,4"
"zzzzz2419,2"
"zzzzz4420,4"
"zzzzz3421,3"
"zzzzz4422,4"
"zzzzz4423,4"
"zzzzz4424,4"
"zzzzz3425,3"
"zzzzz3426,3"
"zzzzz3427,3"
"zzzzz3428,3"
"zzzzz3429,3"
"zzzzz4430,4"
"zzzzz3431,3"
"zzzzz4432,4"
"zzzzz4433,4"
"zzzzz3434,3"
"zzzzz1435,1"
"zzzzz5436,5"
"zzzzz4437,4"
"zzzzz3438,3"
"zzzzz4439,4"
"zzzzz2440,2"
"zzzzz5441,5"
"zzzzz3442,3"
"zzzzz4443,4"
"zzzzz2444,2"
"zzzzz2445,2"
"zzzzz4446,4"
"zzzzz3447,3"
"zzzzz2448,2"
"zzzzz4449,4"
"zzzzz3450,3"
"zzzzz4451,4"
"zzzzz2452,2"
"zzzzz3453,3"
"zzzzz4454,4"
"zzzzz4455,4"
"zzzzz4456,4"
"zzzzz4457,4"
"zzzzz3458,3"
"zzzzz4459,4"
"zzzzz4460,4"
"zzzzz2461,2"
"zzzzz3462,3"
"zzzzz4463,4"
"zzzzz4464,4"
"zzzzz4465,4"
"zzzzz3466,3"
"zzzzz3467,3"
"zzzzz4468,4"
"zzzzz4469,4"
"zzzzz5470,5"
"zzzzz3471,3"
"zzzzz3472,3"
"zzzzz4473,4"
"zzzzz2474,2"
"zzzzz3475,3"
"zzzzz4476,4"
"zzzzz4477,4"
"zzzzz4478,4"
"zzzzz4479,4"
"zzzzz3480,3"
"zzzzz4481,4"
"zzzzz1482,1"
"zzzzz4483,4"
"zzzzz2484,2"
"zzzzz3485,3"
"zzzzz2486,2"
"zzzzz5487,5"
"zzzzz1488,1"
"zzzzz4489,4"
"zzzzz1490,1"
"zzzzz3491,3"
"zzzzz4492,4"
"zzzzz4493,4"
"zzzzz3494,3"
"zzzzz3495,3"
"zzzzz4496,4"
"zzzzz3497,3"
"zzzzz4498,4"
"zzzzz3499,3"
"zzzzz4500,4"
"zzzzz3501,3"
"zzzzz3502,3"
"zzzzz3503,3"
"zzzzz3504,3"
"zzzzz3505,3"
"zzzzz4506,4"
"zzzzz4507,4"
"zzzzz3508,3"
"zzzzz3509,3"
"zzzzz4510,4"
"zzzzz4511,4"
"zzzzz4512,4"
"zzzzz3513,3"
"zzzzz1514,1"
"zzzzz3515,3"
"zzzzz2516,2"
"zzzzz2517,2"
"zzzzz3518,3"
"zzzzz3519,3"
"zzzzz4520,4"
"zzzzz3521,3"
"zzzzz3522,3"
"zzzzz4523,4"
"zzzzz2524,2"
"zzzzz3525,3"
"zzzzz3526,3"
"zzzzz4527,4"
"zzzzz4528,4"
"zzzzz3529,3"
"zzzzz4530,4"
"zzzzz4531,4"
"zzzzz4532,4"
"zzzzz3533,3"
"zzzzz4534,4"
"zzzzz1535,1"
"zzzzz4536,4"
"zzzzz4537,4"
"zzzzz3538,3"
"zzzzz2539,2"
"zzzzz3540,3"
"zzzzz4541,4"
"zzzzz4542,4"
"zzzzz4543,4"
"zzzzz2544,2"
"zzzzz3545,3"
"zzzzz3546,3"
"zzzzz4547,4"
"zzzzz4548,4"
"zzzzz4549,4"
"zzzzz4550,4"
"zzzzz2551,2"
"zzzzz4552,4"
"zzzzz4553,4"
"zzzzz2554,2"
"zzzzz4555,4"
"zzzzz4556,4"
"zzzzz4557,4"
"zzzzz4558,4"
"zzzzz4559,4"
"zzzzz4560,4"
"zzzzz4561,4"
"zzzzz3562,3"
"zzzzz4563,4"
"zzzzz3564,3"
"zzzzz3565,3"
"zzzzz3566,3"
"zzzzz4567,4"
"zzzzz2568,2"
"zzzzz2569,2"
"zzzzz4570,4"
"zzzzz4571,4"
"zzzzz4572,4"
"zzzzz4573,4"
"zzzzz3574,3"
"zzzzz4575,4"
"zzzzz2576,2"
"zzzzz3577,3"
"zzzzz3578,3"
"zzzzz4579,4"
"zzzzz4580,4"
"zzzzz4581,4"
"zzzzz4582,4"
"zzzzz4583,4"
"zzzzz4584,4"
"zzzzz3585,3"
"zzzzz4586,4"
"zzzzz3587,3"
"zzzzz4588,4"
"zzzzz4589,4"
"zzzzz3590,3"
"zzzzz4591,4"
"zzzzz4592,4"
"zzzzz5593,5"
"zzzzz5594,5"
"zzzzz4595,4"
"zzzzz3596,3"
"zzzzz4597,4"
"zzzzz4598,4"
"zzzzz1599,1"
"zzzzz3600,3"
"zzzzz4601,4"
"zzzzz3602,3"
"zzzzz3603,3"
"zzzzz3604,3"
"zzzzz4605,4"
"zzzzz3606,3"
"zzzzz4607,4"
"zzzzz4608,4"
"zzzzz3609,3"
"zzzzz2610,2"
"zzzzz3611,3"
"zzzzz4612,4"
"zzzzz4613,4"
"zzzzz4614,4"
"zzzzz3615,3"
"zzzzz4616,4"
"zzzzz3617,3"
"zzzzz3618,3"
"zzzzz3619,3"
"zzzzz5620,5"
"zzzzz4621,4"
"zzzzz4622,4"
"zzzzz3623,3"
"zzzzz3624,3"
"zzzzz4625,4"
"zzzzz4626,4"
"zzzzz3627,3"
"zzzzz4628,4"
"zzzzz4629,4"
"zzzzz2630,2"
"zzzzz3631,3"
"zzzzz2632,2"
"zzzzz3633,3"
"zzzzz3634,3"
"zzzzz4635,4"
"zzzzz2636,2"
"zzzzz2637,2"
"zzzzz2638,2"
"zzzzz4639,4"
"zzzzz4640,4"
"zzzzz2641,2"
"zzzzz3642,3"
"zzzzz3643,3"
"zzzzz3644,3"
"zzzzz3645,3"
"zzzzz3646,3"
"zzzzz4647,4"
"zzzzz2648,2"
"zzzzz3649,3"
"zzzzz4650,4"
"zzzzz4651,4"
"zzzzz2652,2"
"zzzzz3653,3"
"zzzzz4654,4"
"zzzzz2655,2"
"zzzzz1656,1"
"zzzzz2657,2"
"zzzzz4658,4"
"zzzzz1659,1"
"zzzzz3660,3"
"zzzzz2661,2"
"zzzzz4662,4"
"zzzzz2663,2"
"zzzzz4664,4"
"zzzzz2665,2"
"zzzzz2666,2"
"zzzzz2667,2"
"zzzzz3668,3"
"zzzzz4669,4"
"zzzzz2670,2"
"zzzzz3671,3"
"zzzzz1672,1"
"zzzzz1673,1"
"zzzzz2674,2"
"zzzzz1675,1"
"zzzzz1676,1"
"zzzzz1677,1"
"zzzzz4678,4"
"zzzzz3679,3"
"zzzzz2680,2"
"zzzzz1681,1"
"zzzzz1682,1"
"zzzzz1683,1"
"zzzzz1684,1"
"zzzzz2685,2"
"zzzzz3686,3"
"zzzzz3687,3"
"zzzzz2688,2"
"zzzzz4689,4"
"zzzzz2690,2"
"zzzzz3691,3"
"zzzzz4692,4"
"zzzzz1693,1"
"zzzzz4694,4"
"zzzzz3695,3"
"zzzzz2696,2"
"zzzzz3697,3"
"zzzzz1698,1"
"zzzzz2699,2"
"zzzzz2700,2"
"zzzzz3701,3"
"zzzzz1702,1"
"zzzzz4703,4"
"zzzzz1704,1"
"zzzzz2705,2"
"zzzzz1706,1"
"zzzzz2707,2"
"zzzzz2708,2"
"zzzzz3709,3"
"zzzzz3710,3"
"zzzzz2711,2"
"zzzzz4712,4"
"zzzzz4713,4"
"zzzzz3714,3"
"zzzzz3715,3"
"zzzzz5716,5"
"zzzzz3717,3"
"zzzzz2718,2"
"zzzzz5719,5"
"zzzzz5720,5"
"zzzzz4721,4"
"zzzzz3722,3"
"zzzzz5723,5"
"zzzzz4724,4"
"zzzzz4725,4"
"zzzzz2726,2"
"zzzzz2727,2"
"zzzzz2728,2"
"zzzzz3729,3"
"zzzzz3730,3"
"zzzzz2731,2"
"zzzzz5732,5"
"zzzzz4733,4"
"zzzzz3734,3"
"zzzzz3735,3"
"zzzzz2736,2"
"zzzzz2737,2"
"zzzzz1738,1"
"zzzzz3739,3"
"zzzzz4740,4"
"zzzzz3741,3"
"zzzzz4742,4"
"zzzzz5743,5"
"zzzzz4744,4"
"zzzzz4745,4"
"zzzzz1746,1"
"zzzzz4747,4"
"zzzzz4748,4"
"zzzzz4749,4"
"zzzzz4750,4"
"zzzzz4751,4"
"zzzzz4752,4"
"zzzzz5753,5"
"zzzzz3754,3"
"zzzzz2755,2"
"zzzzz4756,4"
"zzzzz5757,5"
"zzzzz3758,3"
"zzzzz4759,4"
"zzzzz5760,5"
"zzzzz4761,4"
"zzzzz4762,4"
"zzzzz4763,4"
"zzzzz3764,3"
"zzzzz4765,4"
"zzzzz4766,4"
"zzzzz4767,4"
"zzzzz4768,4"
"zzzzz5769,5"
"zzzzz4770,4"
"zzzzz5771,5"
"zzzzz5772,5"
"zzzzz4773,4"
"zzzzz5774,5"
"zzzzz4775,4"
"zzzzz1776,1"
"zzzzz5777,5"
"zzzzz5778,5"
"zzzzz5779,5"
"zzzzz5780,5"
"zzzzz4781,4"
"zzzzz5782,5"
"zzzzz4783,4"
"zzzzz5784,5"
"zzzzz5785,5"
"zzzzz3786,3"
"zzzzz4787,4"
"zzzzz5788,5"
"zzzzz5789,5"
"zzzzz5790,5"
"zzzzz3791,3"
"zzzzz3792,3"
"zzzzz4793,4"
"zzzzz4794,4"
"zzzzz4795,4"
"zzzzz4796,4"
"zzzzz4797,4"
"zzzzz4798,4"
"zzzzz4799,4"
"zzzzz4800,4"
"zzzzz2801,2"
"zzzzz4802,4"
"zzzzz4803,4"
"zzzzz1804,1"
"zzzzz4805,4"
"zzzzz1806,1"
"zzzzz2807,2"
"zzzzz2808,2"
"zzzzz3809,3"
"zzzzz5810,5"
"zzzzz4811,4"
"zzzzz5812,5"
"zzzzz4813,4"
"zzzzz4814,4"
"zzzzz4815,4"
"zzzzz4816,4"
"zzzzz3817,3"
"zzzzz2818,2"
"zzzzz2819,2"
"zzzzz2820,2"
"zzzzz1821,1"
"zzzzz2822,2"
"zzzzz1823,1"
"zzzzz4824,4"
"zzzzz3825,3"
"zzzzz2826,2"
"zzzzz1827,1"
"zzzzz1828,1"
"zzzzz3829,3"
"zzzzz4830,4"
"zzzzz5831,5"
"zzzzz4832,4"
"zzzzz2833,2"
"zzzzz4834,4"
"zzzzz2835,2"
"zzzzz2836,2"
"zzzzz2837,2"
"zzzzz4838,4"
"zzzzz4839,4"
"zzzzz4840,4"
"zzzzz2841,2"
"zzzzz2842,2"
"zzzzz2843,2"
"zzzzz4844,4"
"zzzzz4845,4"
"zzzzz4846,4"
"zzzzz2847,2"
"zzzzz5848,5"
"zzzzz2849,2"
"zzzzz4850,4"
"zzzzz4851,4"
"zzzzz4852,4"
"zzzzz4853,4"
"zzzzz5854,5"
"zzzzz4855,4"
"zzzzz2856,2"
"zzzzz5857,5"
"zzzzz4858,4"
"zzzzz4859,4"
"zzzzz2860,2"
"zzzzz4861,4"
"zzzzz4862,4"
"zzzzz3863,3"
"zzzzz4864,4"
"zzzzz4865,4"
"zzzzz2866,2"
"zzzzz4867,4"
"zzzzz3868,3"
"zzzzz4869,4"
"zzzzz4870,4"
"zzzzz3871,3"
"zzzzz2872,2"
"zzzzz1873,1"
"zzzzz2874,2"
"zzzzz2875,2"
"zzzzz1876,1"
"zzzzz2877,2"
"zzzzz1878,1"
"zzzzz3879,3"
"zzzzz3880,3"
"zzzzz5881,5"
"zzzzz4882,4"
"zzzzz4883,4"
"zzzzz4884,4"
"zzzzz3885,3"
"zzzzz5886,5"
"zzzzz5887,5"
"zzzzz2888,2"
"zzzzz2889,2"
"zzzzz4890,4"
"zzzzz3891,3"
"zzzzz3892,3"
"zzzzz2893,2"
"zzzzz4894,4"
"zzzzz4895,4"
"zzzzz4896,4"
"zzzzz4897,4"
"zzzzz3898,3"
"zzzzz3899,3"
"zzzzz3900,3"
"zzzzz3901,3"
"zzzzz3902,3"
"zzzzz4903,4"
"zzzzz4904,4"
"zzzzz2905,2"
"zzzzz4906,4"
"zzzzz4907,4"
"zzzzz3908,3"
"zzzzz4909,4"
"zzzzz4910,4"
"zzzzz1911,1"
"zzzzz4912,4"
"zzzzz4913,4"
"zzzzz4914,4"
"zzzzz4915,4"
"zzzzz3916,3"
"zzzzz4917,4"
"zzzzz4918,4"
"zzzzz4919,4"
"zzzzz4920,4"
"zzzzz4921,4"
"zzzzz4922,4"
"zzzzz4923,4"
"zzzzz4924,4"
"zzzzz4925,4"
"zzzzz5926,5"
"zzzzz4927,4"
"zzzzz1928,1"
"zzzzz3929,3"
"zzzzz3930,3"
"zzzzz3931,3"
"zzzzz3932,3"
"zzzzz3933,3"
"zzzzz3934,3"
"zzzzz4935,4"
"zzzzz4936,4"
"zzzzz4937,4"
"zzzzz4938,4"
"zzzzz4939,4"
"zzzzz4940,4"
"zzzzz4941,4"
"zzzzz3942,3"
"zzzzz4943,4"
"zzzzz4944,4"
"zzzzz4945,4"
"zzzzz3946,3"
"zzzzz4947,4"
"zzzzz2948,2"
"zzzzz4949,4"
"zzzzz4950,4"
"zzzzz4951,4"
"zzzzz2952,2"
"zzzzz2953,2"
"zzzzz4954,4"
"zzzzz4955,4"
"zzzzz3956,3"
"zzzzz3957,3"
"zzzzz4958,4"
"zzzzz3959,3"
"zzzzz4960,4"
"zzzzz2961,2"
"zzzzz4962,4"
"zzzzz3963,3"
"zzzzz3964,3"
"zzzzz1965,1"
"zzzzz4966,4"
"zzzzz4967,4"
"zzzzz4968,4"
"zzzzz4969,4"
"zzzzz4970,4"
"zzzzz4971,4"
"zzzzz4972,4"
"zzzzz4973,4"
"zzzzz4974,4"
"zzzzz4975,4"
"zzzzz4976,4"
"zzzzz4977,4"
"zzzzz4978,4"
"zzzzz3979,3"
"zzzzz4980,4"
"zzzzz4981,4"
"zzzzz3982,3"
"zzzzz3983,3"
"zzzzz4984,4"
"zzzzz3985,3"
"zzzzz3986,3"
"zzzzz4987,4"
"zzzzz3988,3"
"zzzzz2989,2"
"zzzzz4990,4"
"zzzzz4991,4"
"zzzzz3992,3"
"zzzzz4993,4"
"zzzzz5994,5"
"zzzzz3995,3"
"zzzzz3996,3"
"zzzzz3997,3"
"zzzzz4998,4"
"zzzzz5999,5"
"zzzzz41000,4"
"zzzzz41001,4"
"zzzzz31002,3"
"zzzzz31003,3"
"zzzzz31004,3"
"zzzzz31005,3"
"zzzzz31006,3"
"zzzzz21007,2"
"zzzzz41008,4"
"zzzzz41009,4"
"zzzzz41010,4"
"zzzzz41011,4"
"zzzzz31012,3"
"zzzzz31013,3"
"zzzzz31014,3"
"zzzzz31015,3"
"zzzzz41016,4"
"zzzzz31017,3"
"zzzzz31018,3"
"zzzzz41019,4"
"zzzzz41020,4"
"zzzzz21021,2"
"zzzzz31022,3"
"zzzzz41023,4"
"zzzzz31024,3"
"zzzzz41025,4"
"zzzzz31026,3"
"zzzzz41027,4"
"zzzzz31028,3"
"zzzzz41029,4"
"zzzzz41030,4"
"zzzzz41031,4"
"zzzzz41032,4"
"zzzzz51033,5"
"zzzzz41034,4"
"zzzzz41035,4"
"zzzzz41036,4"
"zzzzz41037,4"
"zzzzz41038,4"
"zzzzz41039,4"
"zzzzz41040,4"
"zzzzz31041,3"
"zzzzz21042,2"
"zzzzz41043,4"
"zzzzz31044,3"
"zzzzz41045,4"
"zzzzz21046,2"
"zzzzz41047,4"
"zzzzz51048,5"
"zzzzz41049,4"
"zzzzz41050,4"
"zzzzz31051,3"
"zzzzz31052,3"
"zzzzz41053,4"
"zzzzz41054,4"
"zzzzz31055,3"
"zzzzz31056,3"
"zzzzz41057,4"
"zzzzz41058,4"
"zzzzz41059,4"
"zzzzz31060,3"
"zzzzz31061,3"
"zzzzz41062,4"
"zzzzz31063,3"
"zzzzz41064,4"
"zzzzz41065,4"
"zzzzz51066,5"
"zzzzz41067,4"
"zzzzz41068,4"
"zzzzz41069,4"
"zzzzz31070,3"
"zzzzz31071,3"
"zzzzz31072,3"
"zzzzz51073,5"
"zzzzz31074,3"
"zzzzz41075,4"
"zzzzz41076,4"
"zzzzz41077,4"
"zzzzz51078,5"
"zzzzz41079,4"
"zzzzz41080,4"
"zzzzz41081,4"
"zzzzz41082,4"
"zzzzz21083,2"
"zzzzz41084,4"
"zzzzz31085,3"
"zzzzz41086,4"
"zzzzz41087,4"
"zzzzz41088,4"
"zzzzz51089,5"
"zzzzz51090,5"
"zzzzz41091,4"
"zzzzz31092,3"
"zzzzz41093,4"
"zzzzz31094,3"
"zzzzz41095,4"
"zzzzz41096,4"
"zzzzz41097,4"
"zzzzz31098,3"
"zzzzz41099,4"
"zzzzz51100,5"
"zzzzz51101,5"
"zzzzz11102,1"
"zzzzz41103,4"
"zzzzz41104,4"
"zzzzz41105,4"
"zzzzz41106,4"
"zzzzz31107,3"
"zzzzz31108,3"
"zzzzz41109,4"
"zzzzz41110,4"
"zzzzz41111,4"
"zzzzz41112,4"
"zzzzz41113,4"
"zzzzz31114,3"
"zzzzz41115,4"
"zzzzz31116,3"
"zzzzz21117,2"
"zzzzz41118,4"
"zzzzz41119,4"
"zzzzz31120,3"
"zzzzz31121,3"
"zzzzz31122,3"
"zzzzz31123,3"
"zzzzz41124,4"
"zzzzz41125,4"
"zzzzz31126,3"
"zzzzz31127,3"
"zzzzz41128,4"
"zzzzz41129,4"
"zzzzz41130,4"
"zzzzz41131,4"
"zzzzz41132,4"
"zzzzz31133,3"
"zzzzz31134,3"
"zzzzz41135,4"
"zzzzz31136,3"
"zzzzz41137,4"
"zzzzz41138,4"
"zzzzz31139,3"
"zzzzz41140,4"
"zzzzz41141,4"
"zzzzz41142,4"
"zzzzz31143,3"
"zzzzz31144,3"
"zzzzz41145,4"
"zzzzz41146,4"
"zzzzz41147,4"
"zzzzz41148,4"
"zzzzz31149,3"
"zzzzz41150,4"
"zzzzz41151,4"
"zzzzz31152,3"
"zzzzz41153,4"
"zzzzz41154,4"
"zzzzz31155,3"
"zzzzz41156,4"
"zzzzz41157,4"
"zzzzz21158,2"
"zzzzz41159,4"
"zzzzz21160,2"
"zzzzz31161,3"
"zzzzz31162,3"
"zzzzz31163,3"
"zzzzz21164,2"
"zzzzz11165,1"
"zzzzz41166,4"
"zzzzz51167,5"
"zzzzz41168,4"
